kolekcia;vyska;max_mm;max_mm_mriezka;poznamka
minimal;197;100;25;krídlo
minimal;2055;85;25;krídlo
minimal;210;45;25;krídlo
vertikal;197;100;25;krídlo – doplniť skutočné hodnoty
vertikal;2055;85;25;krídlo – doplniť skutočné hodnoty
vertikal;210;45;25;krídlo – doplniť skutočné hodnoty
prestige;197;100;25;krídlo – doplniť skutočné hodnoty
prestige;2055;85;25;krídlo – doplniť skutočné hodnoty
prestige;210;45;25;krídlo – doplniť skutočné hodnoty
zarubna;197;100;;zárubňa (aj slepá) – doplniť skutočné hodnoty
zarubna;2055;85;;zárubňa (aj slepá) – doplniť skutočné hodnoty
zarubna;210;45;;zárubňa (aj slepá) – doplniť skutočné hodnoty
